country,registration_date
Switzerland,2021-06-14 11:52:26
Switzerland,2021-06-05 07:59:18
Switzerland,2021-04-22 07:14:48
United Kingdom,2021-04-20 14:01:19
United States,2021-05-28 01:17:03
Argentina,2021-05-11 16:13:03
Mexico,2021-04-13 18:06:38
United States,2021-05-27 17:39:33
United States,2021-05-12 14:20:42
Germany,2021-05-12 08:15:25
United States,2021-05-22 11:52:49
Costa Rica,2021-05-11 16:53:46
Australia,2021-04-26 22:27:37
United States,2021-05-11 10:00:35
Canada,2021-05-12 23:05:51
Singapore,2021-05-11 09:49:33
Switzerland,2021-05-11 09:10:29
China,2021-05-13 12:16:57
Italy,2021-05-22 07:54:38
India,2021-05-11 09:15:48
Spain,2021-05-12 19:18:47
Spain,2021-05-14 11:21:32
United Kingdom,2021-05-27 17:46:25
United States,2021-05-28 13:35:38
Australia,2021-05-12 10:43:35
France,2021-05-27 12:55:39
France,2021-05-27 13:05:05
Spain,2021-05-12 13:38:55
Germany,2021-05-11 08:51:13
France,2021-05-12 14:48:50
Australia,2021-04-26 00:49:45
Ireland,2021-04-21 14:58:33
Costa Rica,2021-04-26 01:52:53
United Kingdom,2021-05-11 08:50:42
Switzerland,2021-05-11 14:04:51
Argentina,2021-05-26 15:58:58
United States,2021-05-24 22:06:10
France,2021-05-25 19:37:19
Australia,2021-05-15 05:47:13
United States,2021-05-12 23:08:57
Belgium,2021-05-11 12:49:48
United States,2021-04-23 22:53:10
Turkey,2021-04-21 18:04:31
United States,2021-05-26 20:32:52
Poland,2021-05-27 12:45:23
United States,2021-05-25 16:40:54
Spain,2021-05-01 09:05:38
Singapore,2021-05-11 08:45:26
Germany,2021-05-07 06:38:57
Austria,2021-05-21 14:32:33
Germany,2021-05-18 08:19:24
United States,2021-05-11 16:37:50
Canada,2021-05-11 19:38:21
United States,2021-05-11 12:35:09
France,2021-05-11 09:19:18
Netherlands,2021-05-11 14:57:41
Germany,2021-05-24 14:07:15
Netherlands,2021-05-27 15:12:47
United States,2021-05-17 13:26:07
United States,2021-05-20 15:52:11
United States,2021-05-12 00:16:09
Spain,2021-05-14 11:33:40
Australia,2021-05-11 08:25:09
Finland,2021-05-12 08:27:26
France,2021-05-11 08:44:26
United States,2021-05-28 13:56:04
Italy,2021-05-09 11:58:59
Italy,2021-05-12 08:03:55
United States,2021-05-16 12:47:04
Ireland,2021-05-18 17:07:27
India,2021-05-26 08:35:33
Denmark,2021-05-12 06:45:31
South Korea,2021-05-14 02:13:21
Denmark,2021-05-11 07:36:20
Austria,2021-05-27 10:30:12
Spain,2021-05-13 11:05:00
United States,2021-05-12 11:45:46
Denmark,2021-05-11 10:50:56
Denmark,2021-05-11 07:29:58
Germany,2021-05-11 11:45:28
Denmark,2021-05-25 14:07:46
United States,2021-05-28 18:09:08
United States,2021-05-24 20:01:41
Germany,2021-05-17 09:45:47
Switzerland,2021-05-07 01:50:18
Austria,2021-05-11 07:21:04
Poland,2021-05-23 20:49:06
Argentina,2021-04-23 17:45:15
Austria,2021-05-14 07:28:25
Switzerland,2021-06-26 07:23:29
Senegal,2021-06-23 10:07:17
United States,2021-04-19 19:11:58
United Kingdom,2021-06-25 20:06:32
Brazil,2021-05-24 23:23:20
Kenya,2021-05-25 05:40:06
France,2021-05-25 20:10:26
United Kingdom,2021-05-18 10:28:25
India,2021-06-15 17:06:13
South Korea,2021-06-14 23:00:05
Germany,2021-05-25 06:35:33
United States,2021-05-21 21:50:27
Hungary,2021-05-19 18:20:42
South Africa,2021-05-18 06:52:41
United States,2021-05-25 19:46:44
France,2021-05-18 07:12:39
South Africa,2021-05-18 13:22:52
United States,2021-05-18 02:59:41
United States,2021-05-06 23:51:09
Mexico,2021-05-18 16:10:07
Switzerland,2021-05-18 13:18:09
Israel,2021-05-11 12:52:14
India,2021-06-02 10:17:04
New Zealand,2021-04-21 22:27:18
Kenya,2021-06-14 13:22:56
Switzerland,2021-06-20 15:16:47
Canada,2021-05-19 02:54:07
Brazil,2021-05-11 19:50:13
Belgium,2021-05-28 04:53:11
Poland,2021-05-24 14:39:04
United States,2021-04-24 19:07:58
United States,2021-05-17 01:26:54
Switzerland,2021-05-21 13:58:30
United Kingdom,2021-05-27 09:21:17
Germany,2021-05-27 13:41:31
Brazil,2021-05-07 19:44:51
Poland,2021-05-21 19:19:12
Saudi Arabia,2021-05-11 16:34:31
United States,2021-05-11 13:12:06
Canada,2021-05-23 02:09:42
France,2021-05-25 09:35:54
Peru,2021-04-25 00:39:05
Spain,2021-05-06 12:56:03
Australia,2021-05-28 06:05:16
Finland,2021-05-24 07:18:57
Poland,2021-05-22 08:27:17
Italy,2021-05-13 14:27:12
Singapore,2021-05-26 07:11:45
Czech Republic,2021-05-12 06:20:12
Czech Republic,2021-05-11 07:45:54
Germany,2021-05-22 10:06:00
Russia,2021-05-23 07:33:45
France,2021-05-14 12:40:12
Costa Rica,2021-05-16 21:23:07
Austria,2021-05-28 08:20:35
Netherlands,2021-05-15 11:01:30
United States,2021-05-11 08:47:21
United States,2021-05-11 21:08:47
Argentina,2021-05-21 18:46:35
Singapore,2021-05-25 08:17:08
Belgium,2021-05-29 14:39:38
Switzerland,2021-05-24 11:50:34
France,2021-05-27 09:39:08
Morocco,2021-05-27 21:48:01
Germany,2021-05-28 22:35:35
Argentina,2021-05-27 11:05:43
Poland,2021-05-18 07:39:47
United States,2021-05-21 00:25:54
Poland,2021-05-27 10:11:12
Finland,2021-05-24 10:49:28
United States,2021-05-12 06:43:07
Poland,2021-05-27 09:35:59
United States,2021-05-25 12:54:22
United States,2021-05-14 20:49:20
United Kingdom,2021-05-26 15:05:07
United Kingdom,2021-05-25 06:12:16
Canada,2021-05-21 16:34:42
Nigeria,2021-05-11 22:42:28
United States,2021-05-18 23:13:58
Poland,2021-05-25 06:18:59
United States,2021-05-26 13:38:23
Belgium,2021-05-26 08:43:21
Switzerland,2021-05-22 11:15:51
Switzerland,2021-05-28 13:48:01
Germany,2021-05-11 07:40:10
Nigeria,2021-05-28 06:33:37
India,2021-05-21 13:34:52
Spain,2021-05-24 07:48:35
Czech Republic,2021-06-25 21:17:52
Argentina,2021-05-11 16:07:48
United Kingdom,2021-05-21 17:35:07
United States,2021-05-28 12:39:16
United States,2021-05-26 20:38:27
United States,2021-04-23 16:27:55
Argentina,2021-04-19 12:25:03
France,2021-05-28 09:16:28
Algeria,2021-04-19 10:07:33
Tunisia,2021-05-12 13:16:18
,2021-05-28 14:51:12
Germany,2021-06-14 08:21:00
United States,2021-05-24 15:29:02
Germany,2021-04-22 13:22:37
Switzerland,2021-06-14 15:00:44
United Kingdom,2021-05-16 13:22:53
Costa Rica,2021-05-20 00:07:24
Argentina,2021-05-01 21:14:10
Poland,2021-05-24 14:36:09
United Kingdom,2021-04-20 16:08:54
United Kingdom,2021-05-25 10:41:45
United States,2021-04-22 12:12:09
France,2021-05-26 15:20:00
United States,2021-06-01 03:06:58
Mexico,2021-04-19 02:33:46
United States,2021-04-21 19:04:07
United States,2021-04-20 17:28:16
Brazil,2021-04-19 23:22:34
Canada,2021-04-20 04:24:33
Germany,2021-04-20 04:46:38
Germany,2021-04-20 06:09:55
Sweden,2021-04-20 07:03:40
Norway,2021-04-20 07:21:50
Germany,2021-04-20 07:27:57
Germany,2021-04-20 07:47:38
Germany,2021-04-20 08:37:05
France,2021-04-20 09:21:17
Italy,2021-04-21 15:40:07
Brazil,2021-04-20 11:28:04
Brazil,2021-04-20 11:38:38
Brazil,2021-04-20 11:58:16
Brazil,2021-04-21 01:07:16
Germany,2021-04-20 12:32:24
Brazil,2021-04-20 12:48:01
United States,2021-04-20 13:57:49
Switzerland,2021-04-20 14:25:09
Argentina,2021-04-20 14:50:15
Argentina,2021-04-20 15:11:43
United Kingdom,2021-04-20 15:51:01
United States,2021-06-15 00:51:53
France,2021-04-20 15:31:30
United States,2021-04-20 16:03:40
United States,2021-04-20 17:31:31
Brazil,2021-04-20 17:59:09
United States,2021-04-26 15:05:10
United States,2021-04-20 18:51:41
France,2021-04-20 18:58:33
Denmark,2021-04-20 19:39:22
Croatia,2021-04-30 06:32:11
United States,2021-04-20 19:58:17
United Kingdom,2021-04-20 21:33:35
Brazil,2021-04-21 00:01:54
Australia,2021-04-21 00:04:53
Spain,2021-04-21 06:38:39
Denmark,2021-04-21 08:58:45
Ireland,2021-04-21 09:01:55
Turkey,2021-05-11 10:59:03
South Korea,2021-04-21 09:34:33
Germany,2021-04-21 09:42:45
Brazil,2021-04-21 10:30:22
France,2021-04-21 10:16:37
Brazil,2021-04-21 11:22:35
Brazil,2021-04-21 12:13:12
Turkey,2021-04-26 09:08:52
Turkey,2021-05-06 12:41:19
Switzerland,2021-04-21 13:30:12
United States,2021-04-21 14:38:00
United States,2021-04-21 15:14:40
Switzerland,2021-04-23 07:51:24
United States,2021-04-22 13:35:54
Mexico,2021-04-21 17:38:09
Brazil,2021-04-21 17:46:35
Germany,2021-04-21 17:51:04
Argentina,2021-04-22 23:06:31
Brazil,2021-04-21 23:28:17
Peru,2021-04-22 01:24:10
Brazil,2021-04-22 01:24:00
Germany,2021-04-22 04:23:31
Germany,2021-04-22 08:33:22
Italy,2021-05-07 13:38:35
United Kingdom,2021-04-22 10:20:22
Burkina Faso,2021-04-22 12:04:11
Brazil,2021-04-22 12:03:45
United States,2021-04-22 12:04:09
United Kingdom,2021-04-22 12:14:04
Canada,2021-04-22 12:05:25
Brazil,2021-05-11 20:22:39
Kenya,2021-04-22 12:15:57
Japan,2021-04-22 12:17:59
Brazil,2021-04-22 12:37:08
Guatemala,2021-04-22 12:48:18
Nepal,2021-04-22 13:30:57
Greece,2021-04-22 13:17:54
United States,2021-04-22 14:12:38
France,2021-04-22 14:13:04
United States,2021-04-22 14:56:24
Thailand,2021-04-22 15:01:27
United States,2021-04-22 15:46:01
Switzerland,2021-04-22 17:43:31
South Africa,2021-05-07 07:46:21
Brazil,2021-04-22 17:13:16
Tanzania,2021-04-23 11:52:22
Peru,2021-04-22 18:05:44
Switzerland,2021-04-22 18:04:12
Costa Rica,2021-04-22 18:12:37
Germany,2021-04-22 18:34:26
United Kingdom,2021-04-22 18:39:43
United States,2021-04-22 18:59:49
Switzerland,2021-04-22 19:19:16
United States,2021-04-22 19:45:14
United States,2021-04-22 20:15:58
Canada,2021-04-22 21:03:50
Chile,2021-04-22 21:32:29
Netherlands,2021-04-22 21:45:44
United States,2021-04-22 21:54:49
Mexico,2021-04-22 22:43:30
Brazil,2021-04-22 23:07:31
United Kingdom,2021-04-23 00:16:50
United States,2021-04-23 00:40:41
United States,2021-04-23 01:17:52
United States,2021-04-27 15:50:34
Germany,2021-04-23 05:14:14
Turkey,2021-04-23 06:57:37
United Kingdom,2021-04-23 06:53:06
Kenya,2021-04-23 07:34:17
Kenya,2021-04-23 08:18:42
Spain,2021-04-28 09:58:33
Australia,2021-04-23 09:36:21
Netherlands,2021-04-26 08:34:15
Finland,2021-04-23 10:52:20
Germany,2021-04-23 11:05:42
United States,2021-04-23 11:40:20
Guatemala,2021-04-23 12:00:17
Nepal,2021-05-12 11:12:16
United States,2021-04-23 12:58:21
Brazil,2021-04-23 13:18:36
Belarus,2021-04-23 14:39:31
United States,2021-04-23 14:46:06
United States,2021-04-23 14:47:34
Sweden,2021-04-23 15:36:48
United States,2021-04-23 16:09:23
United States,2021-05-05 19:03:42
United States,2021-04-23 17:09:14
United States,2021-04-23 18:00:30
Tunisia,2021-04-25 16:14:31
India,2021-06-19 03:44:04
United Kingdom,2021-04-23 18:24:37
United States,2021-04-23 19:24:18
Swaziland,2021-04-23 19:41:54
United States,2021-05-05 19:17:18
Tunisia,2021-05-30 08:47:24
Paraguay,2021-04-23 21:16:24
Venezuela,2021-05-09 19:55:04
Colombia,2021-04-23 22:58:31
Australia,2021-04-23 23:42:04
Spain,2021-06-10 13:54:08
Germany,2021-04-24 14:34:21
Czech Republic,2021-04-24 16:08:44
Chile,2021-04-24 16:50:42
Peru,2021-05-02 14:51:49
Mauritius,2021-04-24 18:35:37
Australia,2021-04-25 00:22:00
India,2021-04-25 09:35:42
United States,2021-04-25 09:51:19
Germany,2021-04-25 10:54:33
Germany,2021-04-25 14:48:10
United States,2021-04-29 21:25:52
Portugal,2021-05-03 19:35:47
Peru,2021-04-25 17:58:58
Brazil,2021-04-25 18:17:16
Argentina,2021-04-25 23:02:44
Singapore,2021-04-28 14:30:13
Malaysia,2021-04-26 07:03:52
Italy,2021-04-26 06:33:11
Switzerland,2021-04-26 07:12:05
Austria,2021-04-26 07:17:15
Belgium,2021-04-26 08:04:51
Malaysia,2021-05-01 15:53:06
Belgium,2021-04-26 08:41:38
Switzerland,2021-04-26 08:40:48
Tunisia,2021-04-29 19:38:28
Spain,2021-04-26 10:55:07
Sweden,2021-04-26 11:20:49
Russia,2021-04-26 13:05:48
Denmark,2021-04-26 13:37:44
Italy,2021-04-26 14:50:48
India,2021-04-26 15:24:51
Argentina,2021-06-01 22:33:22
Italy,2021-04-26 16:59:40
United States,2021-04-26 17:30:22
Spain,2021-04-26 17:53:40
Italy,2021-04-26 17:58:14
United States,2021-04-27 17:51:40
Austria,2021-04-26 21:11:06
United States,2021-04-26 21:32:05
Germany,2021-04-26 22:19:32
Canada,2021-04-26 23:17:57
United States,2021-04-27 02:37:45
United States,2021-04-27 02:54:02
United Kingdom,2021-04-27 05:58:10
Norway,2021-04-27 07:28:54
Switzerland,2021-04-27 09:32:51
Italy,2021-04-27 10:09:59
Switzerland,2021-04-27 10:51:38
Norway,2021-04-27 11:25:42
United States,2021-04-27 11:24:40
Switzerland,2021-04-27 11:38:42
Germany,2021-04-27 12:19:15
Germany,2021-04-27 12:19:10
France,2021-04-27 18:36:19
Ireland,2021-04-27 13:51:13
Germany,2021-04-27 16:35:19
Brazil,2021-04-27 17:43:39
Germany,2021-04-27 18:49:18
United States,2021-04-27 19:15:26
United States,2021-04-28 11:12:24
France,2021-04-27 19:54:58
Russia,2021-04-27 20:47:46
Belgium,2021-04-28 06:06:03
Netherlands,2021-04-28 07:28:06
Germany,2021-04-28 08:03:53
Germany,2021-04-28 08:04:35
Brazil,2021-04-28 10:15:07
Tunisia,2021-04-28 10:58:09
Austria,2021-05-07 17:51:27
United States,2021-04-28 16:22:10
Mexico,2021-04-28 18:48:48
Mexico,2021-04-28 19:12:14
Turkey,2021-04-28 21:12:44
Canada,2021-04-28 21:47:16
Brazil,2021-04-29 00:55:56
Canada,2021-05-01 12:04:15
Germany,2021-04-29 09:17:28
Norway,2021-04-30 20:07:38
Switzerland,2021-04-29 10:58:59
Suriname,2021-04-29 17:41:43
Netherlands,2021-04-29 18:48:42
United States,2021-04-29 19:43:29
United States,2021-04-29 21:16:47
United States,2021-05-11 15:39:49
United States,2021-04-29 22:09:05
United States,2021-04-30 00:00:43
United States,2021-04-30 16:59:24
Thailand,2021-04-30 02:04:52
Germany,2021-04-30 07:26:20
Germany,2021-04-30 12:15:22
Brazil,2021-04-30 12:45:10
Italy,2021-04-30 13:49:27
United States,2021-05-03 21:20:51
Canada,2021-04-30 16:10:27
Spain,2021-05-01 09:48:50
Netherlands,2021-05-01 12:30:37
Canada,2021-05-01 14:11:16
Netherlands,2021-05-01 15:39:33
Brazil,2021-05-01 16:57:16
Brazil,2021-05-02 18:00:06
United States,2021-05-18 16:04:29
Switzerland,2021-05-03 06:46:11
Turkey,2021-05-03 07:09:20
Switzerland,2021-05-03 07:28:41
Netherlands,2021-05-03 07:58:04
Netherlands,2021-05-03 08:24:45
Switzerland,2021-05-03 11:06:44
Brazil,2021-05-03 14:20:30
Brazil,2021-05-03 14:33:39
Brazil,2021-05-03 14:58:18
Brazil,2021-05-05 11:57:36
Italy,2021-05-03 16:02:27
United States,2021-05-03 17:07:17
Brazil,2021-05-03 17:15:36
Canada,2021-05-03 17:40:43
Turkey,2021-05-03 20:14:45
United States,2021-05-03 22:14:51
United States,2021-05-03 23:00:45
Brazil,2021-05-04 02:29:53
Denmark,2021-05-04 05:55:49
Germany,2021-05-04 08:09:05
Germany,2021-05-04 08:10:44
Germany,2021-05-04 09:03:53
Argentina,2021-05-04 11:02:03
Argentina,2021-05-04 12:01:21
Brazil,2021-05-04 15:31:16
France,2021-05-05 07:21:30
United States,2021-05-12 16:04:02
France,2021-05-04 16:18:38
United States,2021-05-04 17:58:57
Italy,2021-05-22 08:01:15
United States,2021-05-04 20:55:20
Germany,2021-06-25 07:31:25
Taiwan,2021-06-24 08:45:33
Netherlands,2021-05-24 10:02:53
United States,2021-05-06 22:38:16
Norway,2021-05-05 07:55:30
United Kingdom,2021-05-05 08:05:43
Norway,2021-05-05 08:53:43
Austria,2021-05-05 09:05:59
Kenya,2021-05-13 17:06:50
Guatemala,2021-05-05 09:25:04
South Africa,2021-05-05 09:38:22
South Africa,2021-05-05 10:40:55
Spain,2021-05-05 10:53:27
Germany,2021-05-05 12:41:28
Germany,2021-05-05 13:01:30
Switzerland,2021-05-07 06:43:31
United Kingdom,2021-05-05 16:14:41
United States,2021-05-05 18:55:30
Brazil,2021-05-05 20:31:07
United States,2021-05-06 18:36:53
Brazil,2021-05-05 22:33:54
Denmark,2021-05-06 09:30:49
Switzerland,2021-05-06 11:37:05
Turkey,2021-05-06 12:43:48
United Kingdom,2021-05-06 14:43:10
Switzerland,2021-05-06 14:45:56
Kazakhstan,2021-05-06 15:18:08
United States,2021-05-06 15:49:24
United States,2021-05-06 16:52:29
South Africa,2021-05-06 16:46:41
Canada,2021-05-06 18:15:30
United States,2021-05-06 18:32:06
Canada,2021-05-06 19:00:40
United States,2021-05-06 20:32:45
Argentina,2021-05-09 20:35:56
CÃ´te d'Ivoire,2021-06-10 12:22:09
United States,2021-06-16 01:14:44
Switzerland,2021-05-25 19:24:18
United States,2021-06-14 16:22:10
Spain,2021-05-07 09:45:01
Finland,2021-05-07 12:40:04
Switzerland,2021-05-07 13:11:18
Turkey,2021-05-07 16:30:24
Brazil,2021-05-08 16:28:14
United States,2021-05-08 17:48:36
India,2021-05-08 18:42:26
United States,2021-05-09 04:11:04
Turkey,2021-05-09 10:53:06
Turkey,2021-05-09 11:09:26
United States,2021-05-09 14:58:20
Turkey,2021-05-09 15:02:51
Spain,2021-05-09 16:33:50
Brazil,2021-05-09 16:58:54
Bolivia,2021-05-17 08:04:00
Czech Republic,2021-05-09 21:16:09
India,2021-05-11 07:28:11
France,2021-05-11 12:54:24
Germany,2021-05-11 09:33:46
Tanzania,2021-05-11 10:03:03
Switzerland,2021-05-11 10:08:14
Malaysia,2021-05-11 10:09:51
Germany,2021-05-11 10:15:23
Germany,2021-05-11 12:32:13
Spain,2021-05-13 08:24:38
Germany,2021-05-11 12:51:44
United Kingdom,2021-05-28 09:18:37
Germany,2021-05-11 13:33:46
Spain,2021-05-13 08:35:57
Venezuela,2021-05-11 14:32:47
United Kingdom,2021-05-13 22:12:56
Kenya,2021-05-11 14:46:29
Paraguay,2021-05-11 14:48:51
Belgium,2021-05-11 14:52:09
France,2021-05-11 15:12:36
India,2021-05-11 16:39:29
United States,2021-05-11 17:29:28
United States,2021-05-11 17:38:29
United States,2021-05-11 18:04:28
United States,2021-05-11 18:14:07
United States,2021-05-11 18:16:10
United States,2021-05-11 18:20:17
India,2021-05-12 04:50:04
Brazil,2021-05-11 19:16:02
United States,2021-05-11 19:46:06
Mexico,2021-05-11 20:14:41
Switzerland,2021-05-12 14:47:15
United Kingdom,2021-05-11 21:42:12
United States,2021-05-11 22:19:05
United States,2021-05-11 23:05:40
United States,2021-05-12 00:59:08
Mongolia,2021-05-12 03:11:46
India,2021-05-12 02:58:29
Australia,2021-05-12 05:58:06
Turkey,2021-05-13 09:16:49
India,2021-05-12 07:25:12
Spain,2021-05-12 07:52:05
Switzerland,2021-05-12 09:07:37
Austria,2021-05-12 09:09:08
France,2021-05-12 09:43:28
Switzerland,2021-05-12 10:56:38
United States,2021-05-12 11:39:34
Australia,2021-05-12 12:12:46
Bangladesh,2021-05-12 12:14:42
Argentina,2021-05-12 13:22:08
Switzerland,2021-05-12 13:44:08
United States,2021-05-12 14:30:27
Finland,2021-05-12 14:57:27
United Kingdom,2021-05-12 15:13:59
United States,2021-05-12 15:28:49
United States,2021-05-12 15:32:48
United States,2021-05-12 16:08:49
Italy,2021-05-12 16:27:49
United States,2021-05-12 17:03:56
Brazil,2021-05-12 18:13:03
United States,2021-05-12 18:44:41
Brazil,2021-05-12 18:46:12
United States,2021-05-12 22:16:04
United States,2021-05-12 23:38:17
Argentina,2021-05-12 23:57:29
Colombia,2021-05-13 00:23:11
Brazil,2021-05-13 01:49:53
Argentina,2021-05-13 05:51:51
Netherlands,2021-05-13 06:33:24
Switzerland,2021-05-13 06:56:34
Italy,2021-05-13 06:59:54
Poland,2021-05-17 07:09:45
France,2021-05-13 10:02:44
Netherlands,2021-05-13 11:38:12
Namibia,2021-05-13 13:05:56
Switzerland,2021-05-13 15:09:54
United States,2021-05-13 15:09:44
United States,2021-05-13 17:39:41
India,2021-05-27 16:26:12
Vietnam,2021-05-13 17:47:16
United States,2021-05-13 18:03:01
Germany,2021-05-13 18:12:21
Germany,2021-05-13 18:47:32
Germany,2021-05-13 20:19:49
Switzerland,2021-05-13 20:36:39
Canada,2021-05-13 21:23:56
United States,2021-06-09 16:35:51
Argentina,2021-05-13 22:30:09
United States,2021-05-13 22:38:36
United States,2021-05-13 22:43:46
France,2021-05-25 18:00:12
United States,2021-05-14 02:32:01
Argentina,2021-05-14 11:07:31
South Korea,2021-05-14 03:59:22
Turkey,2021-05-14 08:40:24
Hong Kong,2021-05-14 10:37:10
India,2021-05-14 13:18:03
United Kingdom,2021-05-14 13:33:25
Ireland,2021-05-14 14:13:59
United States,2021-05-14 17:13:13
Germany,2021-05-14 19:27:19
United States,2021-05-14 20:30:04
China,2021-05-14 21:08:07
United States,2021-05-14 23:18:31
Romania,2021-05-15 05:23:32
India,2021-05-15 06:28:55
India,2021-05-15 11:28:10
Netherlands,2021-05-15 20:10:53
India,2021-05-15 20:57:00
Nigeria,2021-05-15 21:54:36
Germany,2021-05-16 08:49:42
Ireland,2021-05-16 08:58:17
Ecuador,2021-05-16 22:42:02
Switzerland,2021-05-17 04:54:35
Switzerland,2021-05-17 07:16:40
Switzerland,2021-05-17 08:32:23
Kenya,2021-05-17 08:38:35
Bulgaria,2021-05-17 09:22:12
Poland,2021-05-17 11:41:51
Ethiopia,2021-05-17 12:41:10
Canada,2021-05-17 15:48:06
Canada,2021-05-17 19:43:25
France,2021-05-17 20:25:21
Kenya,2021-05-18 02:23:07
United States,2021-05-18 05:48:40
Slovakia,2021-05-18 05:57:43
Poland,2021-05-18 06:49:35
Turkey,2021-05-18 07:28:51
India,2021-05-21 05:02:14
Australia,2021-05-24 03:57:37
China,2021-05-18 13:24:56
Colombia,2021-05-18 15:01:07
Argentina,2021-05-18 15:18:37
United States,2021-05-18 15:41:46
United States,2021-05-18 16:03:34
Ireland,2021-05-18 16:18:15
United States,2021-05-18 16:30:28
United States,2021-05-18 16:57:31
United States,2021-05-18 21:02:43
United States,2021-05-18 21:08:17
United States,2021-05-18 22:53:06
United States,2021-05-19 03:15:14
France,2021-05-19 07:55:59
Colombia,2021-05-19 09:18:59
Germany,2021-05-19 09:53:13
United States,2021-05-19 10:05:02
United Kingdom,2021-05-19 10:37:36
India,2021-05-19 12:09:02
Switzerland,2021-05-19 13:18:32
United States,2021-05-19 13:40:01
Germany,2021-05-19 14:32:37
United States,2021-05-19 15:01:52
Peru,2021-05-19 15:34:06
Ireland,2021-05-19 15:43:40
India,2021-05-19 17:21:56
Brazil,2021-05-19 20:58:36
Spain,2021-05-20 07:26:42
Spain,2021-05-20 07:21:47
Spain,2021-05-20 07:37:23
Italy,2021-05-20 07:40:11
Austria,2021-05-20 11:06:09
Switzerland,2021-05-20 11:24:42
Ethiopia,2021-05-20 14:47:20
United States,2021-05-20 16:24:32
Spain,2021-05-20 16:33:21
Singapore,2021-05-24 06:05:00
Germany,2021-05-21 08:03:46
Germany,2021-05-25 05:46:52
Germany,2021-05-21 08:45:49
Indonesia,2021-05-21 13:49:38
Argentina,2021-05-21 13:51:02
Finland,2021-05-21 14:52:37
Colombia,2021-05-21 16:00:10
United States,2021-05-21 16:39:12
Ethiopia,2021-05-21 17:05:27
Canada,2021-05-25 13:48:56
United States,2021-05-21 17:18:42
Austria,2021-05-21 17:38:36
United States,2021-05-21 18:16:05
United States,2021-05-21 19:40:02
United States,2021-05-21 22:52:55
Germany,2021-05-22 10:09:46
Argentina,2021-05-22 14:03:53
United States,2021-05-22 16:17:40
Chile,2021-05-22 17:18:01
Ecuador,2021-05-22 21:31:07
Burkina Faso,2021-05-22 22:11:40
Argentina,2021-05-23 00:16:06
Finland,2021-05-23 09:31:45
Afghanistan,2021-05-23 11:51:37
Afghanistan,2021-05-23 12:41:01
Malawi,2021-05-23 13:00:59
Ethiopia,2021-05-23 13:18:10
United States,2021-05-23 13:33:42
Ecuador,2021-05-23 14:07:57
United Kingdom,2021-05-23 18:37:40
India,2021-05-23 14:42:58
Chile,2021-05-24 19:38:24
Ecuador,2021-05-23 19:48:58
Poland,2021-05-23 20:20:29
Argentina,2021-05-23 22:29:24
United Kingdom,2021-05-23 22:26:34
Canada,2021-05-24 04:31:11
Kenya,2021-05-24 05:06:06
Iran,2021-05-24 07:22:23
Kenya,2021-05-24 06:36:25
Ethiopia,2021-05-24 06:36:40
Afghanistan,2021-05-24 07:14:30
Mozambique,2021-05-24 07:37:58
South Africa,2021-05-24 08:24:07
Kenya,2021-05-24 09:18:19
United Kingdom,2021-05-24 10:52:43
Poland,2021-05-24 11:24:21
Germany,2021-05-24 12:06:37
United States,2021-05-24 12:08:33
United States,2021-05-24 14:46:59
Nigeria,2021-05-24 16:08:21
United Kingdom,2021-05-24 18:00:20
United States,2021-05-24 19:14:59
United Kingdom,2021-05-25 07:47:32
United Kingdom,2021-06-01 13:50:49
United Kingdom,2021-05-28 11:52:05
United Kingdom,2021-05-25 07:11:39
United Kingdom,2021-06-07 07:32:57
United Kingdom,2021-05-24 20:45:54
United Kingdom,2021-05-27 20:43:41
United States,2021-05-25 08:29:43
Australia,2021-05-25 01:26:41
United States,2021-05-25 01:45:32
United States,2021-05-27 22:09:56
United States,2021-05-25 02:50:31
Zimbabwe,2021-05-25 03:42:21
Afghanistan,2021-05-25 05:33:31
Afghanistan,2021-05-25 05:32:07
Afghanistan,2021-05-25 05:45:00
Afghanistan,2021-05-25 05:54:38
India,2021-05-25 06:28:44
Switzerland,2021-05-25 07:14:28
Switzerland,2021-05-25 07:19:37
Germany,2021-05-25 07:21:20
France,2021-05-26 12:11:08
Switzerland,2021-05-25 08:06:01
Switzerland,2021-05-27 17:28:46
Afghanistan,2021-05-25 10:28:55
United States,2021-05-25 11:53:07
Canada,2021-05-25 12:43:30
Brazil,2021-05-25 12:46:31
Netherlands,2021-05-25 13:02:44
United States,2021-05-25 13:30:08
United Kingdom,2021-05-25 13:37:06
United States,2021-05-25 13:48:49
Germany,2021-05-25 14:34:13
Switzerland,2021-05-25 14:50:52
Ethiopia,2021-05-25 14:59:06
United Kingdom,2021-05-25 15:39:58
Togo,2021-05-25 16:01:59
United States,2021-05-25 16:06:12
India,2021-05-25 16:11:46
United States,2021-05-25 16:12:21
Niger,2021-05-25 16:19:21
United States,2021-05-25 16:39:31
Uganda,2021-05-25 16:45:24
Burkina Faso,2021-05-25 16:51:10
United States,2021-05-25 17:32:18
Pakistan,2021-05-25 17:59:33
United States,2021-05-25 17:58:29
United States,2021-05-25 18:12:55
Cameroon,2021-06-15 02:49:25
United States,2021-05-25 18:32:05
Netherlands,2021-05-25 19:02:25
United States,2021-05-25 20:05:11
Nepal,2021-05-25 23:18:42
Uganda,2021-05-25 23:25:04
Indonesia,2021-05-26 00:41:13
Argentina,2021-05-26 02:45:55
Canada,2021-05-26 03:34:45
United States,2021-05-26 04:18:43
Pakistan,2021-05-26 04:26:38
Ethiopia,2021-05-26 06:46:30
Ethiopia,2021-05-26 06:59:51
Ethiopia,2021-05-26 07:04:26
Ethiopia,2021-05-26 07:08:14
Ethiopia,2021-05-26 07:11:43
Ethiopia,2021-05-26 07:29:04
Swaziland,2021-05-26 12:33:00
United States,2021-05-28 02:35:48
Ethiopia,2021-05-26 09:27:50
Poland,2021-05-27 07:19:26
Ethiopia,2021-05-26 12:15:12
Ethiopia,2021-05-26 12:06:13
Sierra Leone,2021-05-26 12:51:32
Sweden,2021-05-26 12:37:43
Denmark,2021-05-28 08:13:20
Haiti,2021-05-26 13:46:01
Switzerland,2021-05-26 14:06:18
United States,2021-05-27 18:29:40
Senegal,2021-05-26 14:16:20
Nigeria,2021-05-27 11:55:45
Germany,2021-05-26 15:31:13
France,2021-05-26 16:09:26
United States,2021-05-26 16:49:54
Poland,2021-05-26 17:06:14
Venezuela,2021-05-26 18:32:45
Ethiopia,2021-05-26 19:44:38
Ethiopia,2021-05-26 19:54:15
Nigeria,2021-05-27 05:46:51
Uganda,2021-05-26 22:53:43
South Africa,2021-05-26 22:56:49
Argentina,2021-05-26 23:35:49
Netherlands,2021-05-27 01:41:52
United States,2021-05-27 02:21:23
United States,2021-05-27 02:36:09
Ethiopia,2021-05-27 06:33:00
United States,2021-05-27 06:30:43
Germany,2021-05-27 07:18:36
United States,2021-05-27 07:13:54
France,2021-05-27 07:18:39
Nigeria,2021-05-27 08:20:58
United Kingdom,2021-05-27 08:58:23
Philippines,2021-05-27 09:14:50
Philippines,2021-05-27 09:43:17
Philippines,2021-06-04 14:05:16
United States,2021-05-27 10:05:44
Philippines,2021-05-27 10:55:16
Ethiopia,2021-05-27 10:57:48
United States,2021-05-27 11:15:13
France,2021-05-27 11:52:16
Netherlands,2021-05-27 12:47:09
United States,2021-05-27 13:50:22
United States,2021-05-27 13:50:40
France,2021-05-28 10:30:29
United Kingdom,2021-05-27 13:57:19
United States,2021-05-27 16:49:26
Canada,2021-05-27 14:11:52
Germany,2021-05-27 14:19:59
United States,2021-05-27 14:33:59
Canada,2021-05-27 14:50:14
Burkina Faso,2021-05-27 15:58:21
Germany,2021-05-27 15:59:55
Belgium,2021-05-27 16:20:56
India,2021-05-27 17:03:22
United States,2021-05-27 17:06:26
Ecuador,2021-05-27 17:21:29
United Kingdom,2021-05-27 17:52:54
Canada,2021-05-27 19:43:56
United States,2021-05-27 19:18:41
Canada,2021-05-27 19:25:19
United States,2021-05-27 19:26:39
Switzerland,2021-05-27 19:39:44
India,2021-05-27 19:41:11
Cameroon,2021-05-28 04:48:47
Austria,2021-05-27 20:27:17
Netherlands,2021-05-27 20:29:53
Nigeria,2021-05-28 07:53:43
Switzerland,2021-06-01 11:10:08
United States,2021-05-28 04:19:04
United States,2021-05-28 04:53:43
India,2021-05-28 05:33:22
United States,2021-05-28 06:12:33
Germany,2021-05-28 06:48:21
Germany,2021-05-28 07:03:44
Germany,2021-05-28 07:31:20
Switzerland,2021-05-28 07:39:40
Poland,2021-05-28 08:21:01
Tunisia,2021-05-28 08:59:46
France,2021-05-28 09:31:50
Bulgaria,2021-05-28 09:57:41
Bulgaria,2021-05-28 10:12:53
Greece,2021-05-31 07:51:29
Ethiopia,2021-05-28 11:42:01
Zimbabwe,2021-05-28 12:20:06
Gambia,2021-05-28 12:37:44
Uruguay,2021-05-31 18:07:35
Germany,2021-05-28 13:22:42
Switzerland,2021-05-28 13:57:53
United States,2021-05-28 14:35:36
Argentina,2021-05-28 15:11:29
United States,2021-05-28 15:33:28
Bulgaria,2021-05-28 15:42:30
Bulgaria,2021-05-28 15:42:33
Uganda,2021-05-28 16:13:09
Nigeria,2021-05-28 23:39:27
United States,2021-05-28 16:32:52
Brazil,2021-05-28 18:51:32
Germany,2021-05-28 16:58:38
United States,2021-05-28 17:13:34
India,2021-05-28 18:33:27
United States,2021-05-28 18:44:30
Burkina Faso,2021-05-28 18:46:33
Netherlands,2021-05-28 19:06:45
Uruguay,2021-05-28 19:26:22
Burkina Faso,2021-05-28 19:52:10
United States,2021-06-04 14:34:21
United States,2021-05-28 19:54:36
United States,2021-05-28 20:05:23
India,2021-05-29 01:06:44
Philippines,2021-05-29 02:27:48
United States,2021-05-29 03:15:20
India,2021-05-29 05:55:08
Switzerland,2021-05-29 06:41:32
Ethiopia,2021-05-29 08:38:31
United States,2021-06-03 11:47:33
Philippines,2021-05-29 15:41:03
Bangladesh,2021-05-29 17:29:58
Switzerland,2021-05-29 19:47:54
Brazil,2021-05-29 22:28:38
Switzerland,2021-05-30 07:26:44
Germany,2021-05-30 07:31:11
India,2021-05-30 09:15:01
Uruguay,2021-05-30 12:25:43
Switzerland,2021-05-30 19:09:59
Ethiopia,2021-05-31 07:56:23
Ethiopia,2021-05-31 08:06:25
Palestinian Territories,2021-05-31 10:19:56
Belgium,2021-05-31 10:59:01
Iran,2021-05-31 13:11:19
France,2021-06-02 08:30:43
Czech Republic,2021-05-31 14:18:31
United States,2021-05-31 15:07:21
United Kingdom,2021-05-31 17:54:47
Poland,2021-05-31 18:12:23
Argentina,2021-05-31 18:13:36
Argentina,2021-05-31 19:21:47
Bolivia,2021-05-31 19:51:44
Brazil,2021-05-31 19:52:16
El Salvador,2021-05-31 22:16:38
Bolivia,2021-06-01 02:58:03
Australia,2021-06-01 01:46:30
Mexico,2021-06-01 03:55:17
Bangladesh,2021-06-11 14:33:18
Switzerland,2021-06-16 08:24:03
Switzerland,2021-06-01 07:10:42
Singapore,2021-06-01 07:52:35
Switzerland,2021-06-01 09:03:11
Belgium,2021-06-01 11:47:50
Latvia,2021-06-01 12:42:28
Argentina,2021-06-01 16:01:20
Bolivia,2021-06-01 16:03:39
United States,2021-06-02 18:31:16
United States,2021-06-02 16:48:02
United States,2021-06-11 14:49:03
United States,2021-06-02 15:57:15
Spain,2021-06-01 22:04:08
Costa Rica,2021-06-24 07:47:57
Switzerland,2021-06-02 06:39:22
India,2021-06-02 06:54:51
Malaysia,2021-06-02 08:02:13
United Kingdom,2021-06-23 15:05:39
Austria,2021-06-02 11:50:46
Canada,2021-06-02 12:09:08
United States,2021-06-02 13:30:42
Senegal,2021-06-02 14:56:17
United Kingdom,2021-06-09 10:06:41
United Kingdom,2021-06-02 18:07:02
Malawi,2021-06-03 04:29:12
United States,2021-06-03 05:17:14
Norway,2021-06-03 07:19:13
Japan,2021-06-25 22:09:57
Germany,2021-06-03 08:57:47
Ireland,2021-06-03 10:05:29
Madagascar,2021-06-03 10:59:45
Germany,2021-06-03 12:15:50
Germany,2021-06-03 12:26:56
Germany,2021-06-03 12:34:29
France,2021-06-18 13:53:12
Germany,2021-06-03 12:56:47
Germany,2021-06-03 13:04:20
United States,2021-06-03 14:14:17
Argentina,2021-06-03 15:11:48
India,2021-06-03 16:00:18
Philippines,2021-06-04 08:04:30
Philippines,2021-06-04 10:22:23
Switzerland,2021-06-04 10:12:22
India,2021-06-04 13:17:23
Philippines,2021-06-04 14:32:31
Philippines,2021-06-04 14:40:13
South Korea,2021-06-04 17:54:56
Venezuela,2021-06-04 18:07:21
Philippines,2021-06-05 01:11:01
Costa Rica,2021-06-07 13:50:38
Chile,2021-06-05 01:54:05
United States,2021-06-05 02:59:10
Philippines,2021-06-05 13:32:57
Chile,2021-06-08 17:01:36
El Salvador,2021-06-07 23:43:47
South Africa,2021-06-06 06:08:22
United States,2021-06-06 06:24:06
Latvia,2021-06-06 07:14:40
India,2021-06-06 07:31:18
Turkey,2021-06-06 10:51:27
United States,2021-06-06 14:02:16
Burkina Faso,2021-06-06 15:31:34
Peru,2021-06-16 01:43:32
Switzerland,2021-06-06 20:26:47
Belgium,2021-06-06 20:44:39
Germany,2021-06-06 20:53:27
United States,2021-06-06 22:18:20
Tunisia,2021-06-16 13:16:46
Colombia,2021-06-06 23:08:45
Ghana,2021-06-06 23:49:50
Zambia,2021-06-06 23:58:28
Hong Kong,2021-06-07 03:09:55
Costa Rica,2021-06-07 03:13:16
El Salvador,2021-06-07 03:46:39
United States,2021-06-07 04:27:20
Somalia,2021-06-07 06:06:16
Finland,2021-06-07 07:05:36
Slovenia,2021-06-07 07:30:38
France,2021-06-07 08:40:56
Denmark,2021-06-07 08:46:41
Germany,2021-06-07 09:06:08
Brazil,2021-06-07 10:40:02
Hungary,2021-06-07 11:04:19
Somalia,2021-06-07 11:12:34
Spain,2021-06-07 11:14:38
India,2021-06-07 12:44:23
Turkey,2021-06-07 13:03:19
United States,2021-06-07 13:33:35
South Africa,2021-06-07 15:33:10
Ecuador,2021-06-07 15:33:03
Colombia,2021-06-07 15:49:30
South Africa,2021-06-08 11:12:54
Dominican Republic,2021-06-07 15:50:21
United States,2021-06-07 16:52:42
Colombia,2021-06-07 17:21:23
United States,2021-06-07 17:55:48
India,2021-06-07 17:58:53
United States,2021-06-08 14:53:01
United States,2021-06-07 18:39:44
Honduras,2021-06-07 19:29:38
El Salvador,2021-06-07 20:15:37
El Salvador,2021-06-07 21:15:14
El Salvador,2021-06-07 22:25:08
New Zealand,2021-06-07 22:43:11
Australia,2021-06-07 22:45:04
China,2021-06-07 23:32:12
Australia,2021-06-08 00:56:00
Ecuador,2021-06-08 03:04:31
El Salvador,2021-06-08 03:22:38
United States,2021-06-08 04:07:48
United States,2021-06-08 04:21:03
Norway,2021-06-08 07:31:51
Kenya,2021-06-21 04:35:13
South Africa,2021-06-08 08:28:20
Italy,2021-06-08 09:54:41
United States,2021-06-08 11:10:09
Spain,2021-06-08 10:39:57
United States,2021-06-08 12:38:02
United States,2021-06-21 14:17:35
Thailand,2021-06-08 16:25:15
Somalia,2021-06-08 17:38:18
United States,2021-06-08 17:47:41
United States,2021-06-08 18:05:41
United States,2021-06-08 18:45:26
Somalia,2021-06-08 19:00:07
United States,2021-06-11 16:32:06
Israel,2021-06-09 05:49:57
Moldova,2021-06-09 07:55:09
Germany,2021-06-09 08:06:48
Hong Kong,2021-06-09 09:00:34
Germany,2021-06-09 12:21:42
Portugal,2021-06-24 16:45:51
Pakistan,2021-06-09 15:51:50
South Africa,2021-06-09 18:06:57
Colombia,2021-06-09 19:26:08
United States,2021-06-09 21:38:17
China,2021-06-09 22:45:12
Poland,2021-06-23 19:35:17
Japan,2021-06-10 00:25:50
Peru,2021-06-10 00:37:20
Ecuador,2021-06-10 00:50:14
Democratic Republic of the Congo,2021-06-10 01:23:44
Kenya,2021-06-10 02:53:44
Togo,2021-06-10 05:19:48
Mexico,2021-06-10 06:16:17
Austria,2021-06-10 06:58:27
Benin,2021-06-10 09:18:19
Benin,2021-06-10 07:26:15
Nepal,2021-06-10 07:43:32
Germany,2021-06-10 07:36:56
Benin,2021-06-10 07:43:56
United Kingdom,2021-06-10 07:49:14
Germany,2021-06-10 07:51:51
China,2021-06-10 08:52:24
Benin,2021-06-10 08:23:42
Benin,2021-06-10 08:33:40
Netherlands,2021-06-24 07:00:05
Benin,2021-06-10 11:10:57
CÃ´te d'Ivoire,2021-06-10 09:11:16
Austria,2021-06-10 09:06:05
Benin,2021-06-10 09:12:07
Benin,2021-06-10 09:09:43
Benin,2021-06-10 09:09:37
Benin,2021-06-10 09:19:07
Switzerland,2021-06-10 09:50:52
CÃ´te d'Ivoire,2021-06-10 10:35:36
Benin,2021-06-10 10:29:48
Benin,2021-06-11 05:18:31
Benin,2021-06-10 19:32:29
Japan,2021-06-10 11:10:38
Benin,2021-06-10 12:01:41
Benin,2021-06-10 12:12:27
Latvia,2021-06-10 12:38:39
Benin,2021-06-10 12:42:16
Benin,2021-06-10 13:02:26
Senegal,2021-06-10 13:17:10
CÃ´te d'Ivoire,2021-06-10 13:23:21
Benin,2021-06-10 14:04:40
Gabon,2021-06-10 15:40:47
United States,2021-06-10 15:43:58
Turkey,2021-06-10 15:59:38
CÃ´te d'Ivoire,2021-06-10 16:07:15
Ecuador,2021-06-17 15:35:20
Ghana,2021-06-11 02:29:39
Bangladesh,2021-06-10 16:43:28
Benin,2021-06-10 17:34:24
United States,2021-06-10 17:19:43
Bangladesh,2021-06-10 17:23:24
Benin,2021-06-10 18:07:41
United States,2021-06-10 18:05:58
Benin,2021-06-10 18:21:37
Turkey,2021-06-10 18:31:34
Niger,2021-06-10 18:48:20
United States,2021-06-10 20:45:55
Ghana,2021-06-10 21:13:42
Benin,2021-06-10 22:15:01
Benin,2021-06-10 22:24:55
Benin,2021-06-10 22:47:50
Canada,2021-06-10 22:58:16
Ghana,2021-06-10 23:22:33
Kenya,2021-06-10 23:37:47
Bangladesh,2021-06-10 23:40:44
United States,2021-06-14 11:16:05
Togo,2021-06-11 04:56:50
Switzerland,2021-06-11 06:36:05
Benin,2021-06-12 19:08:31
United Kingdom,2021-06-11 09:02:59
United Kingdom,2021-06-11 09:22:27
Cameroon,2021-06-11 10:16:23
Ecuador,2021-06-11 10:49:06
Bangladesh,2021-06-11 12:08:41
Colombia,2021-06-11 11:37:34
Benin,2021-06-11 11:39:29
Sri Lanka,2021-06-11 13:52:02
Bangladesh,2021-06-11 14:31:19
India,2021-06-11 15:13:21
Ghana,2021-06-11 15:36:04
India,2021-06-11 15:35:16
Bangladesh,2021-06-11 15:41:46
Benin,2021-06-11 15:54:17
Benin,2021-06-11 15:53:08
Benin,2021-06-11 15:53:08
India,2021-06-11 16:42:41
India,2021-06-11 17:30:43
United States,2021-06-11 17:48:50
Benin,2021-06-11 18:46:07
Sri Lanka,2021-06-11 18:40:58
United States,2021-06-11 19:58:17
Argentina,2021-06-11 20:12:04
Benin,2021-06-11 20:38:37
Ghana,2021-06-12 00:26:33
Sri Lanka,2021-06-12 02:56:38
India,2021-06-12 04:00:55
Central African Republic,2021-06-12 04:22:45
India,2021-06-12 18:52:05
India,2021-06-12 07:16:36
South Korea,2021-06-22 08:08:14
South Korea,2021-06-15 14:16:20
India,2021-06-12 10:48:07
India,2021-06-12 10:54:36
India,2021-06-12 10:55:19
South Korea,2021-06-12 11:01:57
Nigeria,2021-06-12 11:22:39
India,2021-06-12 13:16:39
Hungary,2021-06-12 13:13:24
India,2021-06-12 13:19:19
India,2021-06-12 13:49:26
India,2021-06-12 14:31:36
Australia,2021-06-12 15:00:11
India,2021-06-12 15:26:32
India,2021-06-12 16:28:13
India,2021-06-12 16:55:14
India,2021-06-12 16:20:24
India,2021-06-12 16:56:45
India,2021-06-12 17:21:14
Algeria,2021-06-12 17:12:54
India,2021-06-12 17:18:56
India,2021-06-12 17:30:37
Sudan,2021-06-12 18:13:48
Benin,2021-06-12 18:43:01
Romania,2021-06-12 18:46:36
Botswana,2021-06-12 19:39:00
Syria,2021-06-12 20:08:11
United States,2021-06-12 20:45:33
Zimbabwe,2021-06-13 19:34:04
Nigeria,2021-06-12 22:01:48
Brazil,2021-06-12 23:41:43
United States,2021-06-13 01:46:54
Peru,2021-06-13 02:00:25
India,2021-06-13 04:25:40
India,2021-06-13 05:12:01
India,2021-06-13 05:27:27
India,2021-06-13 05:33:12
Nigeria,2021-06-13 07:19:47
Spain,2021-06-13 08:47:56
Benin,2021-06-13 13:13:00
Pakistan,2021-06-13 15:32:50
Nigeria,2021-06-13 15:56:12
Germany,2021-06-13 17:50:56
Bangladesh,2021-06-13 18:40:23
Benin,2021-06-13 18:55:25
United Kingdom,2021-06-13 21:16:14
Argentina,2021-06-14 00:07:52
Australia,2021-06-14 05:17:48
India,2021-06-14 06:20:23
Spain,2021-06-14 07:23:32
France,2021-06-14 07:48:34
Hungary,2021-06-25 05:43:56
Nigeria,2021-06-14 10:20:21
Ethiopia,2021-06-14 12:08:03
France,2021-06-15 13:49:47
Switzerland,2021-06-25 20:45:44
Switzerland,2021-06-14 13:16:48
Denmark,2021-06-14 13:24:47
Japan,2021-06-14 14:02:22
Germany,2021-06-14 14:20:03
Botswana,2021-06-14 15:52:10
Austria,2021-06-15 13:32:06
Egypt,2021-06-24 11:48:33
Colombia,2021-06-14 20:39:42
Switzerland,2021-06-14 23:11:20
France,2021-06-15 06:10:02
South Africa,2021-06-15 06:19:38
Germany,2021-06-15 08:11:06
India,2021-06-15 08:20:39
CÃ´te d'Ivoire,2021-06-16 08:35:30
Indonesia,2021-06-15 09:59:55
Mexico,2021-06-15 11:59:37
Croatia,2021-06-15 13:39:25
Benin,2021-06-15 14:07:24
Switzerland,2021-06-15 14:31:05
United Kingdom,2021-06-17 14:36:20
Canada,2021-06-18 16:39:36
Canada,2021-06-15 14:57:23
Switzerland,2021-06-15 15:47:36
India,2021-06-15 16:32:24
United States,2021-06-15 18:14:25
United States,2021-06-15 19:10:40
Benin,2021-06-15 19:23:03
Nigeria,2021-06-15 19:24:15
Benin,2021-06-18 15:38:49
Bangladesh,2021-06-16 00:12:28
India,2021-06-16 07:53:07
India,2021-06-16 13:30:48
Belgium,2021-06-16 08:32:22
Netherlands,2021-06-16 08:58:29
Switzerland,2021-06-17 16:10:04
Kenya,2021-06-16 10:08:37
Switzerland,2021-06-16 11:52:41
Ethiopia,2021-06-16 12:03:07
Lithuania,2021-06-16 12:52:44
Tunisia,2021-06-16 13:07:04
India,2021-06-16 13:42:42
India,2021-06-16 15:00:41
United States,2021-06-16 15:27:33
Zambia,2021-06-16 18:07:59
India,2021-06-16 16:11:31
United States,2021-06-21 14:43:07
United States,2021-06-16 20:18:01
United States,2021-06-16 20:40:46
Nicaragua,2021-06-17 17:58:03
United States,2021-06-16 23:01:07
Philippines,2021-06-17 00:33:34
United States,2021-06-17 21:37:12
France,2021-06-21 08:50:11
Kenya,2021-06-17 09:21:56
Russia,2021-06-17 09:44:45
Poland,2021-06-17 11:44:44
Sierra Leone,2021-06-17 12:42:20
United States,2021-06-25 12:38:32
Switzerland,2021-06-17 13:24:44
United Kingdom,2021-06-17 13:50:41
United Kingdom,2021-06-17 13:52:36
United States,2021-06-17 13:52:23
Austria,2021-06-17 15:02:12
Jamaica,2021-06-17 15:34:05
Germany,2021-06-17 15:47:44
India,2021-06-17 16:07:11
Canada,2021-06-17 17:36:51
United States,2021-06-21 22:34:12
Sudan,2021-06-17 18:06:46
Sudan,2021-06-18 14:30:39
Nigeria,2021-06-17 18:50:15
Brazil,2021-06-18 13:26:19
United States,2021-06-17 20:40:27
United States,2021-06-17 22:46:28
United States,2021-06-17 23:17:43
United States,2021-06-18 02:26:21
Philippines,2021-06-18 03:11:09
India,2021-06-18 03:28:51
India,2021-06-18 03:31:33
India,2021-06-19 06:33:40
India,2021-06-18 04:11:35
India,2021-06-18 04:07:12
India,2021-06-18 04:16:06
India,2021-06-18 06:01:13
India,2021-06-18 06:27:42
Madagascar,2021-06-18 07:12:21
Spain,2021-06-18 07:30:06
Germany,2021-06-18 08:36:25
American Samoa,2021-06-18 09:04:43
Pakistan,2021-06-18 09:51:34
Israel,2021-06-18 09:42:54
China,2021-06-18 10:07:41
Switzerland,2021-06-18 13:08:55
India,2021-06-18 10:58:09
Germany,2021-06-18 11:45:18
Senegal,2021-06-18 11:51:56
Germany,2021-06-18 18:12:37
Malawi,2021-06-18 12:25:34
Germany,2021-06-18 12:16:28
Canada,2021-06-18 12:53:33
United States,2021-06-18 12:58:37
Sri Lanka,2021-06-18 13:09:04
Netherlands,2021-06-18 13:42:57
France,2021-06-18 14:10:26
India,2021-06-21 12:03:33
Germany,2021-06-22 11:27:30
Honduras,2021-06-18 15:41:27
United States,2021-06-18 15:49:10
United States,2021-06-20 15:11:14
Taiwan,2021-06-18 16:03:03
Colombia,2021-06-18 16:22:58
Brazil,2021-06-18 17:45:42
Germany,2021-06-18 17:56:39
Spain,2021-06-18 18:16:30
India,2021-06-18 18:24:31
India,2021-06-18 18:29:11
India,2021-06-18 18:29:08
United States,2021-06-18 18:35:47
Switzerland,2021-06-21 14:30:15
United States,2021-06-18 19:17:57
United States,2021-06-18 20:00:38
Brazil,2021-06-18 20:34:29
Ecuador,2021-06-18 20:48:16
United States,2021-06-19 00:01:58
Australia,2021-06-24 23:03:48
Argentina,2021-06-19 01:39:06
Canada,2021-06-19 01:52:23
United States,2021-06-25 01:07:01
United States,2021-06-19 04:04:41
India,2021-06-19 04:12:27
India,2021-06-19 04:18:45
Zambia,2021-06-19 05:03:01
India,2021-06-19 07:40:55
India,2021-06-19 09:26:21
United Kingdom,2021-06-19 14:29:00
United States,2021-06-19 14:53:36
United States,2021-06-19 14:59:51
United States,2021-06-19 15:16:44
United States,2021-06-19 15:36:27
Mexico,2021-06-19 18:08:28
Mexico,2021-06-19 19:58:00
Switzerland,2021-06-23 10:45:28
United Kingdom,2021-06-22 11:38:33
Poland,2021-06-23 11:41:30
India,2021-06-22 18:18:12
Kenya,2021-06-22 13:57:25
Colombia,2021-06-20 20:53:49
Switzerland,2021-06-21 17:01:19
Kenya,2021-06-19 23:54:33
United States,2021-06-20 00:14:43
Malaysia,2021-06-20 01:48:30
Germany,2021-06-20 09:46:44
Germany,2021-06-20 10:17:36
Spain,2021-06-20 13:45:06
United States,2021-06-20 15:22:57
Spain,2021-06-20 18:35:46
United States,2021-06-21 00:59:26
Canada,2021-06-21 01:22:35
United States,2021-06-21 02:36:34
India,2021-06-21 03:11:44
France,2021-06-21 09:23:49
Germany,2021-06-23 07:16:35
Poland,2021-06-22 06:35:53
United Kingdom,2021-06-21 07:40:05
India,2021-06-21 07:45:05
Switzerland,2021-06-21 07:51:57
Austria,2021-06-21 11:46:55
Zambia,2021-06-21 09:05:35
Austria,2021-06-21 09:32:41
Austria,2021-06-21 09:34:22
India,2021-06-21 10:06:54
Guinea,2021-06-21 09:57:06
Malaysia,2021-06-21 10:01:58
Finland,2021-06-21 11:26:15
India,2021-06-21 11:53:38
India,2021-06-21 11:53:40
India,2021-06-21 12:31:34
France,2021-06-21 12:06:46
France,2021-06-21 12:24:44
France,2021-06-21 12:39:04
India,2021-06-21 12:56:11
Switzerland,2021-06-23 16:17:11
United States,2021-06-21 13:55:22
United States,2021-06-21 18:39:38
Canada,2021-06-21 15:15:48
North Macedonia,2021-06-21 15:37:20
Canada,2021-06-21 16:09:40
Philippines,2021-06-21 16:51:01
United States,2021-06-21 17:48:34
Mexico,2021-06-21 17:45:24
Netherlands,2021-06-21 18:02:19
United States,2021-06-21 19:08:54
India,2021-06-21 20:44:09
United States,2021-06-21 22:49:21
United States,2021-06-21 23:03:12
Australia,2021-06-21 23:13:06
Australia,2021-06-22 00:10:39
United States,2021-06-22 01:15:12
Australia,2021-06-22 04:47:15
Indonesia,2021-06-22 07:04:33
Saudi Arabia,2021-06-22 08:09:37
Germany,2021-06-22 09:13:39
Switzerland,2021-06-22 10:37:08
Switzerland,2021-06-22 14:43:33
Poland,2021-06-22 10:50:03
Russia,2021-06-22 11:17:59
United States,2021-06-22 13:35:04
CÃ´te d'Ivoire,2021-06-22 14:20:35
United States,2021-06-22 14:26:28
Canada,2021-06-22 17:19:32
Colombia,2021-06-22 18:20:20
Costa Rica,2021-06-22 18:22:35
United States,2021-06-22 18:28:22
South Korea,2021-06-22 18:32:47
United States,2021-06-22 18:41:59
Germany,2021-06-22 18:50:14
Canada,2021-06-22 19:49:36
United States,2021-06-22 21:16:21
Canada,2021-06-22 22:40:39
Guatemala,2021-06-22 23:15:57
Mexico,2021-06-22 23:34:53
Australia,2021-06-23 00:27:48
United States,2021-06-23 00:46:28
CÃ´te d'Ivoire,2021-06-23 01:34:59
Ecuador,2021-06-23 01:52:58
Australia,2021-06-23 04:56:37
Singapore,2021-06-23 03:18:37
Afghanistan,2021-06-23 03:49:10
India,2021-06-23 05:21:50
Australia,2021-06-23 05:43:07
Togo,2021-06-23 06:02:31
Germany,2021-06-23 07:35:42
Netherlands,2021-06-23 08:51:42
Austria,2021-06-23 09:50:44
Switzerland,2021-06-23 09:57:14
Germany,2021-06-23 10:09:49
Austria,2021-06-23 09:52:41
Poland,2021-06-24 09:19:53
Poland,2021-06-24 13:24:03
Poland,2021-06-24 11:10:40
Poland,2021-06-25 10:16:41
Poland,2021-06-24 10:33:50
Austria,2021-06-23 10:03:08
Burkina Faso,2021-06-23 10:08:26
Austria,2021-06-23 10:28:49
South Korea,2021-06-23 11:37:56
France,2021-06-23 11:46:01
France,2021-06-23 11:55:54
Brazil,2021-06-23 12:26:43
United States,2021-06-23 12:55:49
Germany,2021-06-23 13:04:34
Brazil,2021-06-23 13:19:32
Argentina,2021-06-23 13:24:53
Poland,2021-06-23 13:38:02
Canada,2021-06-23 13:34:46
Canada,2021-06-23 13:58:26
Canada,2021-06-23 14:08:47
CuraÃ§ao,2021-06-23 15:14:52
Canada,2021-06-23 14:23:19
Canada,2021-06-23 14:28:39
United States,2021-06-23 14:31:55
Canada,2021-06-23 14:34:11
Canada,2021-06-23 14:46:31
Belgium,2021-06-25 14:50:22
CuraÃ§ao,2021-06-23 14:55:27
United States,2021-06-23 15:08:19
CuraÃ§ao,2021-06-23 15:11:18
CuraÃ§ao,2021-06-23 15:18:39
Nigeria,2021-06-24 09:07:32
Mexico,2021-06-23 16:22:03
United States,2021-06-23 16:08:52
United States,2021-06-23 16:09:34
United Kingdom,2021-06-23 16:16:36
Germany,2021-06-24 05:39:19
United States,2021-06-23 17:36:55
South Africa,2021-06-23 17:53:06
United States,2021-06-23 18:23:18
United States,2021-06-23 19:26:19
United States,2021-06-23 19:43:47
Canada,2021-06-23 20:52:41
Brazil,2021-06-23 22:13:52
Brazil,2021-06-23 22:17:18
Nicaragua,2021-06-23 22:27:00
Nigeria,2021-06-23 22:24:14
Mexico,2021-06-24 01:31:36
United States,2021-06-24 02:03:32
Sri Lanka,2021-06-24 05:27:56
Germany,2021-06-24 06:07:12
Czech Republic,2021-06-24 06:51:52
France,2021-06-24 12:43:48
Austria,2021-06-24 08:16:25
Austria,2021-06-24 07:49:47
Germany,2021-06-24 08:34:26
Belgium,2021-06-24 13:25:23
Burkina Faso,2021-06-24 08:37:53
South Africa,2021-06-24 08:58:54
Morocco,2021-06-24 10:44:53
Switzerland,2021-06-25 09:15:03
Italy,2021-06-24 10:39:33
United States,2021-06-25 03:48:11
Australia,2021-06-24 10:51:21
Switzerland,2021-06-24 11:21:07
Nicaragua,2021-06-24 11:58:49
Germany,2021-06-24 13:24:42
South Africa,2021-06-24 12:06:31
Nigeria,2021-06-24 12:18:36
South Africa,2021-06-24 12:41:07
Nigeria,2021-06-24 12:22:00
South Africa,2021-06-24 12:43:58
Nigeria,2021-06-24 12:36:34
Germany,2021-06-24 13:01:02
Egypt,2021-06-24 13:02:07
Switzerland,2021-06-24 13:56:38
Mali,2021-06-24 13:07:08
Brazil,2021-06-24 13:07:27
South Africa,2021-06-24 13:11:14
Nigeria,2021-06-24 13:08:51
Switzerland,2021-06-24 13:30:32
Singapore,2021-06-24 13:36:05
United States,2021-06-24 13:41:17
Germany,2021-06-25 13:08:24
United States,2021-06-24 14:56:23
Germany,2021-06-24 14:59:46
United Kingdom,2021-06-24 15:09:34
United States,2021-06-24 15:20:57
Nigeria,2021-06-24 15:29:49
Germany,2021-06-24 20:38:06
United Kingdom,2021-06-24 16:23:05
United States,2021-06-25 16:04:15
United States,2021-06-24 16:34:05
Mali,2021-06-24 17:46:21
Peru,2021-06-24 17:11:02
United States,2021-06-24 21:05:21
Canada,2021-06-24 17:43:47
Peru,2021-06-24 18:19:16
South Africa,2021-06-24 18:29:28
South Africa,2021-06-24 18:37:46
United Kingdom,2021-06-24 18:43:51
Argentina,2021-06-24 18:52:18
Germany,2021-06-24 18:56:05
United States,2021-06-24 19:35:01
Greece,2021-06-24 19:58:12
Spain,2021-06-24 19:57:57
Canada,2021-06-24 20:34:19
Nigeria,2021-06-24 21:12:27
United States,2021-06-24 21:15:17
Spain,2021-06-24 21:51:30
Germany,2021-06-24 22:06:01
United States,2021-06-24 22:09:49
Mexico,2021-06-25 00:13:44
United States,2021-06-25 00:21:43
Brazil,2021-06-25 02:04:40
Peru,2021-06-25 00:35:37
Argentina,2021-06-25 01:58:36
United States,2021-06-25 02:36:48
Brazil,2021-06-25 02:49:44
United States,2021-06-25 02:58:02
United States,2021-06-25 03:55:25
Indonesia,2021-06-25 05:04:58
United Kingdom,2021-06-25 05:11:24
Zambia,2021-06-25 08:19:24
Germany,2021-06-25 06:23:36
France,2021-06-25 06:34:49
South Africa,2021-06-25 06:44:39
Germany,2021-06-25 18:45:35
France,2021-06-25 07:24:48
United Kingdom,2021-06-25 07:54:24
Nigeria,2021-06-25 08:02:59
Germany,2021-06-25 08:02:01
United States,2021-06-25 08:23:38
Austria,2021-06-25 08:48:24
South Africa,2021-06-25 09:00:41
Germany,2021-06-25 09:21:50
Belgium,2021-06-25 20:47:53
South Africa,2021-06-25 09:50:06
Cameroon,2021-06-25 09:55:05
Germany,2021-06-25 09:52:49
Switzerland,2021-06-25 19:07:05
South Africa,2021-06-25 10:00:20
Australia,2021-06-25 11:17:29
Switzerland,2021-06-25 20:24:39
United Kingdom,2021-06-25 11:39:14
Australia,2021-06-25 12:10:52
Canada,2021-06-25 12:24:48
Belgium,2021-06-25 12:39:20
United States,2021-06-25 13:05:25
Germany,2021-06-25 13:08:18
India,2021-06-25 13:11:05
Ghana,2021-06-25 13:28:35
Costa Rica,2021-06-25 13:45:03
United States,2021-06-25 13:55:48
Brazil,2021-06-25 13:58:21
India,2021-06-25 14:04:50
Japan,2021-06-25 14:05:32
Germany,2021-06-25 14:16:27
Bolivia,2021-06-25 14:21:28
Netherlands,2021-06-25 14:34:20
Canada,2021-06-25 15:11:00
Bolivia,2021-06-25 15:12:12
Nigeria,2021-06-25 15:26:55
Cameroon,2021-06-25 15:27:36
Cameroon,2021-06-25 15:39:30
Canada,2021-06-25 15:43:03
Cameroon,2021-06-25 16:12:21
United States,2021-06-25 15:52:42
Canada,2021-06-25 15:57:35
United States,2021-06-25 16:03:35
Nigeria,2021-06-25 16:13:29
Nigeria,2021-06-25 17:39:01
Congo,2021-06-25 16:25:46
United States,2021-06-25 19:20:58
United States,2021-06-25 16:50:31
Germany,2021-06-25 16:56:40
Nigeria,2021-06-25 17:03:06
Germany,2021-06-25 17:01:57
Nigeria,2021-06-25 17:02:57
United States,2021-06-25 17:05:07
United States,2021-06-25 17:24:47
Morocco,2021-06-25 17:35:03
Germany,2021-06-25 17:42:21
Nigeria,2021-06-25 17:48:48
Nigeria,2021-06-25 18:05:55
United States,2021-06-25 17:50:48
Nigeria,2021-06-25 17:58:56
Nigeria,2021-06-25 22:27:47
United States,2021-06-25 17:59:19
Nigeria,2021-06-25 18:00:46
United States,2021-06-25 18:02:34
United States,2021-06-25 18:12:06
India,2021-06-25 18:15:47
Lesotho,2021-06-25 18:22:06
Germany,2021-06-25 18:35:21
Canada,2021-06-25 18:53:12
Pakistan,2021-06-25 18:55:38
Nigeria,2021-06-25 18:57:30
Nigeria,2021-06-25 19:41:12
Canada,2021-06-25 20:05:35
Saudi Arabia,2021-06-25 20:16:09
Saudi Arabia,2021-06-25 20:39:14
Costa Rica,2021-06-25 20:40:27
United States,2021-06-25 21:14:23
Nigeria,2021-06-25 20:45:10
Colombia,2021-06-25 20:46:44
United States,2021-06-25 20:58:32
Costa Rica,2021-06-25 21:02:45
Germany,2021-06-25 21:04:14
Uganda,2021-06-25 21:27:44
Nigeria,2021-06-25 21:23:29
Costa Rica,2021-06-25 21:39:37
Argentina,2021-06-25 22:01:48
Cameroon,2021-06-25 22:04:51
Nigeria,2021-06-25 22:24:52
Saudi Arabia,2021-06-25 22:11:46
Switzerland,2021-06-25 22:14:46
Saudi Arabia,2021-06-25 22:35:45
United States,2021-06-25 22:37:14
Ukraine,2021-06-25 22:37:25
Saudi Arabia,2021-06-25 23:00:35
United Kingdom,2021-06-25 23:12:07
France,2021-06-25 23:18:17
United States,2021-06-25 23:21:14
Ireland,2021-06-25 23:19:57
United States,2021-06-25 23:25:31
Syria,2021-06-25 23:51:32
Saudi Arabia,2021-06-26 00:00:11
Canada,2021-06-26 00:01:43
United States,2021-06-26 00:28:37
Australia,2021-06-26 00:57:19
United States,2021-06-26 01:09:50
United States,2021-06-26 01:16:50
United States,2021-06-26 03:25:38
India,2021-06-26 03:40:38
Nepal,2021-06-26 03:45:15
United States,2021-06-26 03:59:28
Australia,2021-06-26 05:18:30
United States,2021-06-26 05:49:29
Iraq,2021-06-26 05:54:24
United States,2021-06-26 06:26:38
United Kingdom,2021-06-26 07:13:47
United States,2021-06-26 07:41:33
Saudi Arabia,2021-06-26 08:58:29
Oman,2021-06-26 09:44:51
Indonesia,2021-06-26 10:29:52
Algeria,2021-06-26 10:42:57
Spain,2021-06-26 10:36:04
United States,2021-06-26 10:44:38
Chile,2021-06-26 14:45:00
